﻿<?xml version="1.0" encoding="utf-8"?>
<abapGit version="v1.0.0" serializer="LCL_OBJECT_DTEL" serializer_version="v1.0.0">
 <asx:abap xmlns:asx="http://www.sap.com/abapxml" version="1.0">
  <asx:values>
   <DD04V>
    <ROLLNAME>ZSD_VORHANDENEN_POSITION_F</ROLLNAME>
    <DDLANGUAGE>D</DDLANGUAGE>
    <HEADLEN>40</HEADLEN>
    <SCRLEN1>10</SCRLEN1>
    <SCRLEN2>20</SCRLEN2>
    <SCRLEN3>30</SCRLEN3>
    <DDTEXT>Anzahl der vorhandenen Positionen</DDTEXT>
    <REPTEXT>Anzahl der vorhandenen Positionen</REPTEXT>
    <SCRTEXT_S>Anz.VorPos</SCRTEXT_S>
    <SCRTEXT_M>Anzahl Vorhand. Pos</SCRTEXT_M>
    <SCRTEXT_L>Anzahl der vorhandenen Pos</SCRTEXT_L>
    <DTELMASTER>D</DTELMASTER>
    <DATATYPE>INT4</DATATYPE>
    <LENG>000010</LENG>
    <OUTPUTLEN>000011</OUTPUTLEN>
   </DD04V>
  </asx:values>
 </asx:abap>
</abapGit>
